no,shop,keyset,source,currency,discount,price,stock,sold,soldout,datetime,url
1,17627413,baju-jersey-sepeda-panjang-rb-terbaik,tokopedia,IDR,0,248000,0,0,True,2024-06-27T15:51:36+07:00,https://www.tokopedia.com/muhfarha/baju-jersey-sepeda-panjang-rb-terbaik
2,17627413,baju-jersey-sepeda-panjang-rb-terbaik,tokopedia,IDR,0,248000,0,0,True,2024-06-27T15:51:36+07:00,https://www.tokopedia.com/muhfarha/baju-jersey-sepeda-panjang-rb-terbaik
3,17627413,baju-jersey-sepeda-panjang-rb-terbaik,tokopedia,IDR,0,248000,0,0,True,2024-06-27T15:51:36+07:00,https://www.tokopedia.com/muhfarha/baju-jersey-sepeda-panjang-rb-terbaik
4,17627413,baju-jersey-sepeda-panjang-rb-terbaik,tokopedia,IDR,,248000,0,0,True,2024-06-27T15:51:36+07:00,https://www.tokopedia.com/muhfarha/baju-jersey-sepeda-panjang-rb-terbaik
5,17627413,baju-jersey-sepeda-panjang-rb-terbaik,tokopedia,IDR,0,248000,0,0,True,2024-06-27T15:51:36+07:00,https://www.tokopedia.com/muhfarha/baju-jersey-sepeda-panjang-rb-terbaik
6,17627413,baju-jersey-sepeda-panjang-rb-terbaik,tokopedia,IDR,0,248000,0,0,True,2024-06-27T15:51:36+07:00,https://www.tokopedia.com/muhfarha/baju-jersey-sepeda-panjang-rb-terbaik
7,17627413,baju-jersey-sepeda-panjang-rb-terbaik,tokopedia,IDR,0,248000,0,0,True,02.07-2024 13:07,https://www.tokopedia.com/muhfarha/baju-jersey-sepeda-panjang-rb-terbaik
8,17627413,baju-jersey-sepeda-panjang-rb-terbaik,tokopedia,IDR,0,248000,0,0,True,02.07-2024 13:14,https://www.tokopedia.com/muhfarha/baju-jersey-sepeda-panjang-rb-terbaik
9,17627413,baju-jersey-sepeda-panjang-rb-terbaik,tokopedia,IDR,0,248000,0,0,True,02.07-2024 13:34,https://www.tokopedia.com/muhfarha/baju-jersey-sepeda-panjang-rb-terbaik
10,17627413,baju-jersey-sepeda-panjang-rb-terbaik,tokopedia,IDR,0,248000,0,0,True,02.07-2024 14:11,https://www.tokopedia.com/muhfarha/baju-jersey-sepeda-panjang-rb-terbaik
11,17627413,baju-jersey-sepeda-panjang-rb-terbaik,tokopedia,IDR,0,248000,0,0,True,02.07-2024 14:34,https://www.tokopedia.com/muhfarha/baju-jersey-sepeda-panjang-rb-terbaik
12,17627413,baju-jersey-sepeda-panjang-rb-terbaik,tokopedia,IDR,0,248000,0,0,True,02.07-2024 15:12,https://www.tokopedia.com/muhfarha/baju-jersey-sepeda-panjang-rb-terbaik
13,17627413,baju-jersey-sepeda-panjang-rb-terbaik,tokopedia,IDR,0,248000,0,0,True,02.07-2024 15:35,https://www.tokopedia.com/muhfarha/baju-jersey-sepeda-panjang-rb-terbaik
14,17627413,baju-jersey-sepeda-panjang-rb-terbaik,tokopedia,IDR,0,248000,0,0,True,02.07-2024 16:16,https://www.tokopedia.com/muhfarha/baju-jersey-sepeda-panjang-rb-terbaik
15,17627413,baju-jersey-sepeda-panjang-rb-terbaik,tokopedia,IDR,0,248000,0,0,True,02.07-2024 16:40,https://www.tokopedia.com/muhfarha/baju-jersey-sepeda-panjang-rb-terbaik
16,17627413,baju-jersey-sepeda-panjang-rb-terbaik,tokopedia,IDR,0,248000,0,0,True,02.07-2024 17:11,https://www.tokopedia.com/muhfarha/baju-jersey-sepeda-panjang-rb-terbaik
17,17627413,baju-jersey-sepeda-panjang-rb-terbaik,tokopedia,IDR,0,248000,0,0,True,02.07-2024 17:34,https://www.tokopedia.com/muhfarha/baju-jersey-sepeda-panjang-rb-terbaik
18,17627413,baju-jersey-sepeda-panjang-rb-terbaik,tokopedia,IDR,0,248000,0,0,True,02.07-2024 18:16,https://www.tokopedia.com/muhfarha/baju-jersey-sepeda-panjang-rb-terbaik
19,17627413,baju-jersey-sepeda-panjang-rb-terbaik,tokopedia,IDR,0,248000,0,0,True,02.07-2024 18:37,https://www.tokopedia.com/muhfarha/baju-jersey-sepeda-panjang-rb-terbaik
20,17627413,baju-jersey-sepeda-panjang-rb-terbaik,tokopedia,IDR,0,248000,0,0,True,02.07-2024 19:11,https://www.tokopedia.com/muhfarha/baju-jersey-sepeda-panjang-rb-terbaik
21,17627413,baju-jersey-sepeda-panjang-rb-terbaik,tokopedia,IDR,0,248000,0,0,True,02.07-2024 19:35,https://www.tokopedia.com/muhfarha/baju-jersey-sepeda-panjang-rb-terbaik
22,17627413,baju-jersey-sepeda-panjang-rb-terbaik,tokopedia,IDR,0,248000,0,0,True,02.07-2024 20:14,https://www.tokopedia.com/muhfarha/baju-jersey-sepeda-panjang-rb-terbaik
23,17627413,baju-jersey-sepeda-panjang-rb-terbaik,tokopedia,IDR,0,248000,0,0,True,02.07-2024 20:35,https://www.tokopedia.com/muhfarha/baju-jersey-sepeda-panjang-rb-terbaik
24,17627413,baju-jersey-sepeda-panjang-rb-terbaik,tokopedia,IDR,0,248000,0,0,True,02.07-2024 21:11,https://www.tokopedia.com/muhfarha/baju-jersey-sepeda-panjang-rb-terbaik
25,17627413,baju-jersey-sepeda-panjang-rb-terbaik,tokopedia,IDR,0,248000,0,0,True,02.07-2024 21:35,https://www.tokopedia.com/muhfarha/baju-jersey-sepeda-panjang-rb-terbaik
26,17627413,baju-jersey-sepeda-panjang-rb-terbaik,tokopedia,IDR,0,248000,0,0,True,02.07-2024 22:12,https://www.tokopedia.com/muhfarha/baju-jersey-sepeda-panjang-rb-terbaik
27,17627413,baju-jersey-sepeda-panjang-rb-terbaik,tokopedia,IDR,0,248000,0,0,True,02.07-2024 22:35,https://www.tokopedia.com/muhfarha/baju-jersey-sepeda-panjang-rb-terbaik
28,17627413,baju-jersey-sepeda-panjang-rb-terbaik,tokopedia,IDR,0,248000,0,0,True,02.07-2024 23:11,https://www.tokopedia.com/muhfarha/baju-jersey-sepeda-panjang-rb-terbaik
29,17627413,baju-jersey-sepeda-panjang-rb-terbaik,tokopedia,IDR,0,248000,0,0,True,02.07-2024 23:35,https://www.tokopedia.com/muhfarha/baju-jersey-sepeda-panjang-rb-terbaik
30,17627413,baju-jersey-sepeda-panjang-rb-terbaik,tokopedia,IDR,0,248000,0,0,True,03.07-2024 00:56,https://www.tokopedia.com/muhfarha/baju-jersey-sepeda-panjang-rb-terbaik
31,17627413,baju-jersey-sepeda-panjang-rb-terbaik,tokopedia,IDR,0,248000,0,0,True,03.07-2024 01:59,https://www.tokopedia.com/muhfarha/baju-jersey-sepeda-panjang-rb-terbaik
32,17627413,baju-jersey-sepeda-panjang-rb-terbaik,tokopedia,IDR,0,248000,0,0,True,03.07-2024 02:34,https://www.tokopedia.com/muhfarha/baju-jersey-sepeda-panjang-rb-terbaik
33,17627413,baju-jersey-sepeda-panjang-rb-terbaik,tokopedia,IDR,0,248000,0,0,True,03.07-2024 03:13,https://www.tokopedia.com/muhfarha/baju-jersey-sepeda-panjang-rb-terbaik
34,17627413,baju-jersey-sepeda-panjang-rb-terbaik,tokopedia,IDR,0,248000,0,0,True,03.07-2024 03:35,https://www.tokopedia.com/muhfarha/baju-jersey-sepeda-panjang-rb-terbaik
35,17627413,baju-jersey-sepeda-panjang-rb-terbaik,tokopedia,IDR,0,248000,0,0,True,03.07-2024 04:14,https://www.tokopedia.com/muhfarha/baju-jersey-sepeda-panjang-rb-terbaik
36,17627413,baju-jersey-sepeda-panjang-rb-terbaik,tokopedia,IDR,0,248000,0,0,True,03.07-2024 04:36,https://www.tokopedia.com/muhfarha/baju-jersey-sepeda-panjang-rb-terbaik
37,17627413,baju-jersey-sepeda-panjang-rb-terbaik,tokopedia,IDR,0,248000,0,0,True,03.07-2024 05:12,https://www.tokopedia.com/muhfarha/baju-jersey-sepeda-panjang-rb-terbaik
38,17627413,baju-jersey-sepeda-panjang-rb-terbaik,tokopedia,IDR,0,248000,0,0,True,03.07-2024 05:35,https://www.tokopedia.com/muhfarha/baju-jersey-sepeda-panjang-rb-terbaik
39,17627413,baju-jersey-sepeda-panjang-rb-terbaik,tokopedia,IDR,0,248000,0,0,True,03.07-2024 06:18,https://www.tokopedia.com/muhfarha/baju-jersey-sepeda-panjang-rb-terbaik
40,17627413,baju-jersey-sepeda-panjang-rb-terbaik,tokopedia,IDR,0,248000,0,0,True,03.07-2024 06:40,https://www.tokopedia.com/muhfarha/baju-jersey-sepeda-panjang-rb-terbaik
41,17627413,baju-jersey-sepeda-panjang-rb-terbaik,tokopedia,IDR,0,248000,0,0,True,03.07-2024 07:11,https://www.tokopedia.com/muhfarha/baju-jersey-sepeda-panjang-rb-terbaik
42,17627413,baju-jersey-sepeda-panjang-rb-terbaik,tokopedia,IDR,0,248000,0,0,True,03.07-2024 07:36,https://www.tokopedia.com/muhfarha/baju-jersey-sepeda-panjang-rb-terbaik
43,17627413,baju-jersey-sepeda-panjang-rb-terbaik,tokopedia,IDR,0,248000,0,0,True,03.07-2024 08:16,https://www.tokopedia.com/muhfarha/baju-jersey-sepeda-panjang-rb-terbaik
44,17627413,baju-jersey-sepeda-panjang-rb-terbaik,tokopedia,IDR,0,248000,0,0,True,03.07-2024 08:37,https://www.tokopedia.com/muhfarha/baju-jersey-sepeda-panjang-rb-terbaik
45,17627413,baju-jersey-sepeda-panjang-rb-terbaik,tokopedia,IDR,0,248000,0,0,True,03.07-2024 09:13,https://www.tokopedia.com/muhfarha/baju-jersey-sepeda-panjang-rb-terbaik
46,17627413,baju-jersey-sepeda-panjang-rb-terbaik,tokopedia,IDR,0,248000,0,0,True,03.07-2024 09:34,https://www.tokopedia.com/muhfarha/baju-jersey-sepeda-panjang-rb-terbaik
47,17627413,baju-jersey-sepeda-panjang-rb-terbaik,tokopedia,IDR,0,248000,0,0,True,03.07-2024 10:13,https://www.tokopedia.com/muhfarha/baju-jersey-sepeda-panjang-rb-terbaik
48,17627413,baju-jersey-sepeda-panjang-rb-terbaik,tokopedia,IDR,0,248000,0,0,True,03.07-2024 10:37,https://www.tokopedia.com/muhfarha/baju-jersey-sepeda-panjang-rb-terbaik
49,17627413,baju-jersey-sepeda-panjang-rb-terbaik,tokopedia,IDR,0,248000,0,0,True,03.07-2024 11:10,https://www.tokopedia.com/muhfarha/baju-jersey-sepeda-panjang-rb-terbaik
50,17627413,baju-jersey-sepeda-panjang-rb-terbaik,tokopedia,IDR,0,248000,0,0,True,03.07-2024 11:34,https://www.tokopedia.com/muhfarha/baju-jersey-sepeda-panjang-rb-terbaik
51,17627413,baju-jersey-sepeda-panjang-rb-terbaik,tokopedia,IDR,0,248000,0,0,True,03.07-2024 12:23,https://www.tokopedia.com/muhfarha/baju-jersey-sepeda-panjang-rb-terbaik
52,17627413,baju-jersey-sepeda-panjang-rb-terbaik,tokopedia,IDR,0,248000,0,0,True,03.07-2024 12:51,https://www.tokopedia.com/muhfarha/baju-jersey-sepeda-panjang-rb-terbaik
53,17627413,baju-jersey-sepeda-panjang-rb-terbaik,tokopedia,IDR,0,248000,0,0,True,03.07-2024 13:14,https://www.tokopedia.com/muhfarha/baju-jersey-sepeda-panjang-rb-terbaik
54,17627413,baju-jersey-sepeda-panjang-rb-terbaik,tokopedia,IDR,0,248000,0,0,True,03.07-2024 13:35,https://www.tokopedia.com/muhfarha/baju-jersey-sepeda-panjang-rb-terbaik
55,17627413,baju-jersey-sepeda-panjang-rb-terbaik,tokopedia,IDR,0,248000,0,0,True,03.07-2024 14:13,https://www.tokopedia.com/muhfarha/baju-jersey-sepeda-panjang-rb-terbaik
56,17627413,baju-jersey-sepeda-panjang-rb-terbaik,tokopedia,IDR,0,248000,0,0,True,03.07-2024 14:35,https://www.tokopedia.com/muhfarha/baju-jersey-sepeda-panjang-rb-terbaik
57,17627413,baju-jersey-sepeda-panjang-rb-terbaik,tokopedia,IDR,0,248000,0,0,True,03.07-2024 15:13,https://www.tokopedia.com/muhfarha/baju-jersey-sepeda-panjang-rb-terbaik
58,17627413,baju-jersey-sepeda-panjang-rb-terbaik,tokopedia,IDR,0,248000,0,0,True,03.07-2024 15:35,https://www.tokopedia.com/muhfarha/baju-jersey-sepeda-panjang-rb-terbaik
59,17627413,baju-jersey-sepeda-panjang-rb-terbaik,tokopedia,IDR,0,248000,0,0,True,03.07-2024 16:16,https://www.tokopedia.com/muhfarha/baju-jersey-sepeda-panjang-rb-terbaik
60,17627413,baju-jersey-sepeda-panjang-rb-terbaik,tokopedia,IDR,0,248000,0,0,True,03.07-2024 16:40,https://www.tokopedia.com/muhfarha/baju-jersey-sepeda-panjang-rb-terbaik
61,17627413,baju-jersey-sepeda-panjang-rb-terbaik,tokopedia,IDR,0,248000,0,0,True,03.07-2024 17:11,https://www.tokopedia.com/muhfarha/baju-jersey-sepeda-panjang-rb-terbaik
62,17627413,baju-jersey-sepeda-panjang-rb-terbaik,tokopedia,IDR,0,248000,0,0,True,03.07-2024 17:34,https://www.tokopedia.com/muhfarha/baju-jersey-sepeda-panjang-rb-terbaik
63,17627413,baju-jersey-sepeda-panjang-rb-terbaik,tokopedia,IDR,0,248000,0,0,True,03.07-2024 18:15,https://www.tokopedia.com/muhfarha/baju-jersey-sepeda-panjang-rb-terbaik
64,17627413,baju-jersey-sepeda-panjang-rb-terbaik,tokopedia,IDR,0,248000,0,0,True,03.07-2024 18:36,https://www.tokopedia.com/muhfarha/baju-jersey-sepeda-panjang-rb-terbaik
65,17627413,baju-jersey-sepeda-panjang-rb-terbaik,tokopedia,IDR,0,248000,0,0,True,03.07-2024 19:09,https://www.tokopedia.com/muhfarha/baju-jersey-sepeda-panjang-rb-terbaik
66,17627413,baju-jersey-sepeda-panjang-rb-terbaik,tokopedia,IDR,0,248000,0,0,True,03.07-2024 19:35,https://www.tokopedia.com/muhfarha/baju-jersey-sepeda-panjang-rb-terbaik
67,17627413,baju-jersey-sepeda-panjang-rb-terbaik,tokopedia,IDR,0,248000,0,0,True,03.07-2024 20:12,https://www.tokopedia.com/muhfarha/baju-jersey-sepeda-panjang-rb-terbaik
68,17627413,baju-jersey-sepeda-panjang-rb-terbaik,tokopedia,IDR,0,248000,0,0,True,03.07-2024 20:35,https://www.tokopedia.com/muhfarha/baju-jersey-sepeda-panjang-rb-terbaik
69,17627413,baju-jersey-sepeda-panjang-rb-terbaik,tokopedia,IDR,0,248000,0,0,True,03.07-2024 21:12,https://www.tokopedia.com/muhfarha/baju-jersey-sepeda-panjang-rb-terbaik
70,17627413,baju-jersey-sepeda-panjang-rb-terbaik,tokopedia,IDR,0,248000,0,0,True,03.07-2024 21:36,https://www.tokopedia.com/muhfarha/baju-jersey-sepeda-panjang-rb-terbaik
71,17627413,baju-jersey-sepeda-panjang-rb-terbaik,tokopedia,IDR,0,248000,0,0,True,03.07-2024 22:12,https://www.tokopedia.com/muhfarha/baju-jersey-sepeda-panjang-rb-terbaik
72,17627413,baju-jersey-sepeda-panjang-rb-terbaik,tokopedia,IDR,0,248000,0,0,True,03.07-2024 22:35,https://www.tokopedia.com/muhfarha/baju-jersey-sepeda-panjang-rb-terbaik
73,17627413,baju-jersey-sepeda-panjang-rb-terbaik,tokopedia,IDR,0,248000,0,0,True,03.07-2024 23:14,https://www.tokopedia.com/muhfarha/baju-jersey-sepeda-panjang-rb-terbaik
74,17627413,baju-jersey-sepeda-panjang-rb-terbaik,tokopedia,IDR,0,248000,0,0,True,03.07-2024 23:34,https://www.tokopedia.com/muhfarha/baju-jersey-sepeda-panjang-rb-terbaik
75,17627413,baju-jersey-sepeda-panjang-rb-terbaik,tokopedia,IDR,0,248000,0,0,True,04.07-2024 00:56,https://www.tokopedia.com/muhfarha/baju-jersey-sepeda-panjang-rb-terbaik
76,17627413,baju-jersey-sepeda-panjang-rb-terbaik,tokopedia,IDR,0,248000,0,0,True,04.07-2024 02:00,https://www.tokopedia.com/muhfarha/baju-jersey-sepeda-panjang-rb-terbaik
77,17627413,baju-jersey-sepeda-panjang-rb-terbaik,tokopedia,IDR,0,248000,0,0,True,04.07-2024 02:45,https://www.tokopedia.com/muhfarha/baju-jersey-sepeda-panjang-rb-terbaik
78,17627413,baju-jersey-sepeda-panjang-rb-terbaik,tokopedia,IDR,0,248000,0,0,True,04.07-2024 03:15,https://www.tokopedia.com/muhfarha/baju-jersey-sepeda-panjang-rb-terbaik
79,17627413,baju-jersey-sepeda-panjang-rb-terbaik,tokopedia,IDR,0,248000,0,0,True,04.07-2024 03:37,https://www.tokopedia.com/muhfarha/baju-jersey-sepeda-panjang-rb-terbaik
80,17627413,baju-jersey-sepeda-panjang-rb-terbaik,tokopedia,IDR,0,248000,0,0,True,04.07-2024 04:14,https://www.tokopedia.com/muhfarha/baju-jersey-sepeda-panjang-rb-terbaik
81,17627413,baju-jersey-sepeda-panjang-rb-terbaik,tokopedia,IDR,0,248000,0,0,True,04.07-2024 04:37,https://www.tokopedia.com/muhfarha/baju-jersey-sepeda-panjang-rb-terbaik
82,17627413,baju-jersey-sepeda-panjang-rb-terbaik,tokopedia,IDR,0,248000,0,0,True,04.07-2024 05:13,https://www.tokopedia.com/muhfarha/baju-jersey-sepeda-panjang-rb-terbaik
83,17627413,baju-jersey-sepeda-panjang-rb-terbaik,tokopedia,IDR,0,248000,0,0,True,04.07-2024 05:36,https://www.tokopedia.com/muhfarha/baju-jersey-sepeda-panjang-rb-terbaik
84,17627413,baju-jersey-sepeda-panjang-rb-terbaik,tokopedia,IDR,0,248000,0,0,True,04.07-2024 06:17,https://www.tokopedia.com/muhfarha/baju-jersey-sepeda-panjang-rb-terbaik
85,17627413,baju-jersey-sepeda-panjang-rb-terbaik,tokopedia,IDR,0,248000,0,0,True,04.07-2024 06:39,https://www.tokopedia.com/muhfarha/baju-jersey-sepeda-panjang-rb-terbaik
86,17627413,baju-jersey-sepeda-panjang-rb-terbaik,tokopedia,IDR,0,248000,0,0,True,04.07-2024 07:12,https://www.tokopedia.com/muhfarha/baju-jersey-sepeda-panjang-rb-terbaik
87,17627413,baju-jersey-sepeda-panjang-rb-terbaik,tokopedia,IDR,0,248000,0,0,True,04.07-2024 07:36,https://www.tokopedia.com/muhfarha/baju-jersey-sepeda-panjang-rb-terbaik
88,17627413,baju-jersey-sepeda-panjang-rb-terbaik,tokopedia,IDR,0,248000,0,0,True,04.07-2024 08:16,https://www.tokopedia.com/muhfarha/baju-jersey-sepeda-panjang-rb-terbaik
89,17627413,baju-jersey-sepeda-panjang-rb-terbaik,tokopedia,IDR,0,248000,0,0,True,04.07-2024 08:37,https://www.tokopedia.com/muhfarha/baju-jersey-sepeda-panjang-rb-terbaik
90,17627413,baju-jersey-sepeda-panjang-rb-terbaik,tokopedia,IDR,0,248000,0,0,True,04.07-2024 09:13,https://www.tokopedia.com/muhfarha/baju-jersey-sepeda-panjang-rb-terbaik
91,17627413,baju-jersey-sepeda-panjang-rb-terbaik,tokopedia,IDR,0,248000,0,0,True,04.07-2024 09:35,https://www.tokopedia.com/muhfarha/baju-jersey-sepeda-panjang-rb-terbaik
92,17627413,baju-jersey-sepeda-panjang-rb-terbaik,tokopedia,IDR,0,248000,0,0,True,04.07-2024 10:12,https://www.tokopedia.com/muhfarha/baju-jersey-sepeda-panjang-rb-terbaik
93,17627413,baju-jersey-sepeda-panjang-rb-terbaik,tokopedia,IDR,0,248000,0,0,True,04.07-2024 10:35,https://www.tokopedia.com/muhfarha/baju-jersey-sepeda-panjang-rb-terbaik
94,17627413,baju-jersey-sepeda-panjang-rb-terbaik,tokopedia,IDR,0,248000,0,0,True,04.07-2024 11:13,https://www.tokopedia.com/muhfarha/baju-jersey-sepeda-panjang-rb-terbaik
95,17627413,baju-jersey-sepeda-panjang-rb-terbaik,tokopedia,IDR,0,248000,0,0,True,04.07-2024 11:35,https://www.tokopedia.com/muhfarha/baju-jersey-sepeda-panjang-rb-terbaik
96,17627413,baju-jersey-sepeda-panjang-rb-terbaik,tokopedia,IDR,0,248000,0,0,True,04.07-2024 12:23,https://www.tokopedia.com/muhfarha/baju-jersey-sepeda-panjang-rb-terbaik
97,17627413,baju-jersey-sepeda-panjang-rb-terbaik,tokopedia,IDR,0,248000,0,0,True,04.07-2024 12:51,https://www.tokopedia.com/muhfarha/baju-jersey-sepeda-panjang-rb-terbaik
98,17627413,baju-jersey-sepeda-panjang-rb-terbaik,tokopedia,IDR,0,248000,0,0,True,04.07-2024 13:15,https://www.tokopedia.com/muhfarha/baju-jersey-sepeda-panjang-rb-terbaik
99,17627413,baju-jersey-sepeda-panjang-rb-terbaik,tokopedia,IDR,0,248000,0,0,True,04.07-2024 13:34,https://www.tokopedia.com/muhfarha/baju-jersey-sepeda-panjang-rb-terbaik
100,17627413,baju-jersey-sepeda-panjang-rb-terbaik,tokopedia,IDR,0,248000,0,0,True,04.07-2024 14:11,https://www.tokopedia.com/muhfarha/baju-jersey-sepeda-panjang-rb-terbaik
101,17627413,baju-jersey-sepeda-panjang-rb-terbaik,tokopedia,IDR,0,248000,0,0,True,04.07-2024 14:35,https://www.tokopedia.com/muhfarha/baju-jersey-sepeda-panjang-rb-terbaik
102,17627413,baju-jersey-sepeda-panjang-rb-terbaik,tokopedia,IDR,0,248000,0,0,True,04.07-2024 15:12,https://www.tokopedia.com/muhfarha/baju-jersey-sepeda-panjang-rb-terbaik
103,17627413,baju-jersey-sepeda-panjang-rb-terbaik,tokopedia,IDR,0,248000,0,0,True,04.07-2024 15:34,https://www.tokopedia.com/muhfarha/baju-jersey-sepeda-panjang-rb-terbaik
104,17627413,baju-jersey-sepeda-panjang-rb-terbaik,tokopedia,IDR,0,248000,0,0,True,04.07-2024 16:14,https://www.tokopedia.com/muhfarha/baju-jersey-sepeda-panjang-rb-terbaik
105,17627413,baju-jersey-sepeda-panjang-rb-terbaik,tokopedia,IDR,0,248000,0,0,True,04.07-2024 16:38,https://www.tokopedia.com/muhfarha/baju-jersey-sepeda-panjang-rb-terbaik
106,17627413,baju-jersey-sepeda-panjang-rb-terbaik,tokopedia,IDR,0,248000,0,0,True,04.07-2024 17:11,https://www.tokopedia.com/muhfarha/baju-jersey-sepeda-panjang-rb-terbaik
107,17627413,baju-jersey-sepeda-panjang-rb-terbaik,tokopedia,IDR,0,248000,0,0,True,04.07-2024 17:34,https://www.tokopedia.com/muhfarha/baju-jersey-sepeda-panjang-rb-terbaik
108,17627413,baju-jersey-sepeda-panjang-rb-terbaik,tokopedia,IDR,0,248000,0,0,True,04.07-2024 18:15,https://www.tokopedia.com/muhfarha/baju-jersey-sepeda-panjang-rb-terbaik
109,17627413,baju-jersey-sepeda-panjang-rb-terbaik,tokopedia,IDR,0,248000,0,0,True,04.07-2024 18:37,https://www.tokopedia.com/muhfarha/baju-jersey-sepeda-panjang-rb-terbaik
110,17627413,baju-jersey-sepeda-panjang-rb-terbaik,tokopedia,IDR,0,248000,0,0,True,04.07-2024 19:10,https://www.tokopedia.com/muhfarha/baju-jersey-sepeda-panjang-rb-terbaik
111,17627413,baju-jersey-sepeda-panjang-rb-terbaik,tokopedia,IDR,0,248000,0,0,True,04.07-2024 19:35,https://www.tokopedia.com/muhfarha/baju-jersey-sepeda-panjang-rb-terbaik
112,17627413,baju-jersey-sepeda-panjang-rb-terbaik,tokopedia,IDR,0,248000,0,0,True,04.07-2024 20:12,https://www.tokopedia.com/muhfarha/baju-jersey-sepeda-panjang-rb-terbaik
113,17627413,baju-jersey-sepeda-panjang-rb-terbaik,tokopedia,IDR,0,248000,0,0,True,04.07-2024 20:34,https://www.tokopedia.com/muhfarha/baju-jersey-sepeda-panjang-rb-terbaik
114,17627413,baju-jersey-sepeda-panjang-rb-terbaik,tokopedia,IDR,0,248000,0,0,True,04.07-2024 21:11,https://www.tokopedia.com/muhfarha/baju-jersey-sepeda-panjang-rb-terbaik
115,17627413,baju-jersey-sepeda-panjang-rb-terbaik,tokopedia,IDR,0,248000,0,0,True,04.07-2024 21:37,https://www.tokopedia.com/muhfarha/baju-jersey-sepeda-panjang-rb-terbaik
116,17627413,baju-jersey-sepeda-panjang-rb-terbaik,tokopedia,IDR,0,248000,0,0,True,04.07-2024 22:12,https://www.tokopedia.com/muhfarha/baju-jersey-sepeda-panjang-rb-terbaik
117,17627413,baju-jersey-sepeda-panjang-rb-terbaik,tokopedia,IDR,0,248000,0,0,True,04.07-2024 22:35,https://www.tokopedia.com/muhfarha/baju-jersey-sepeda-panjang-rb-terbaik
118,17627413,baju-jersey-sepeda-panjang-rb-terbaik,tokopedia,IDR,0,248000,0,0,True,04.07-2024 23:12,https://www.tokopedia.com/muhfarha/baju-jersey-sepeda-panjang-rb-terbaik
119,17627413,baju-jersey-sepeda-panjang-rb-terbaik,tokopedia,IDR,0,248000,0,0,True,04.07-2024 23:35,https://www.tokopedia.com/muhfarha/baju-jersey-sepeda-panjang-rb-terbaik
120,17627413,baju-jersey-sepeda-panjang-rb-terbaik,tokopedia,IDR,0,248000,0,0,True,05.07-2024 00:56,https://www.tokopedia.com/muhfarha/baju-jersey-sepeda-panjang-rb-terbaik
121,17627413,baju-jersey-sepeda-panjang-rb-terbaik,tokopedia,IDR,0,248000,0,0,True,05.07-2024 01:59,https://www.tokopedia.com/muhfarha/baju-jersey-sepeda-panjang-rb-terbaik
122,17627413,baju-jersey-sepeda-panjang-rb-terbaik,tokopedia,IDR,0,248000,0,0,True,05.07-2024 03:13,https://www.tokopedia.com/muhfarha/baju-jersey-sepeda-panjang-rb-terbaik
123,17627413,baju-jersey-sepeda-panjang-rb-terbaik,tokopedia,IDR,0,248000,0,0,True,05.07-2024 03:35,https://www.tokopedia.com/muhfarha/baju-jersey-sepeda-panjang-rb-terbaik
124,17627413,baju-jersey-sepeda-panjang-rb-terbaik,tokopedia,IDR,0,248000,0,0,True,05.07-2024 04:16,https://www.tokopedia.com/muhfarha/baju-jersey-sepeda-panjang-rb-terbaik
125,17627413,baju-jersey-sepeda-panjang-rb-terbaik,tokopedia,IDR,0,248000,0,0,True,05.07-2024 04:38,https://www.tokopedia.com/muhfarha/baju-jersey-sepeda-panjang-rb-terbaik
126,17627413,baju-jersey-sepeda-panjang-rb-terbaik,tokopedia,IDR,0,248000,0,0,True,05.07-2024 05:12,https://www.tokopedia.com/muhfarha/baju-jersey-sepeda-panjang-rb-terbaik
127,17627413,baju-jersey-sepeda-panjang-rb-terbaik,tokopedia,IDR,0,248000,0,0,True,05.07-2024 05:35,https://www.tokopedia.com/muhfarha/baju-jersey-sepeda-panjang-rb-terbaik
128,17627413,baju-jersey-sepeda-panjang-rb-terbaik,tokopedia,IDR,0,248000,0,0,True,05.07-2024 06:17,https://www.tokopedia.com/muhfarha/baju-jersey-sepeda-panjang-rb-terbaik
129,17627413,baju-jersey-sepeda-panjang-rb-terbaik,tokopedia,IDR,0,248000,0,0,True,05.07-2024 06:39,https://www.tokopedia.com/muhfarha/baju-jersey-sepeda-panjang-rb-terbaik
130,17627413,baju-jersey-sepeda-panjang-rb-terbaik,tokopedia,IDR,0,248000,0,0,True,05.07-2024 07:11,https://www.tokopedia.com/muhfarha/baju-jersey-sepeda-panjang-rb-terbaik
131,17627413,baju-jersey-sepeda-panjang-rb-terbaik,tokopedia,IDR,0,248000,0,0,True,05.07-2024 07:35,https://www.tokopedia.com/muhfarha/baju-jersey-sepeda-panjang-rb-terbaik
132,17627413,baju-jersey-sepeda-panjang-rb-terbaik,tokopedia,IDR,0,248000,0,0,True,05.07-2024 08:15,https://www.tokopedia.com/muhfarha/baju-jersey-sepeda-panjang-rb-terbaik
133,17627413,baju-jersey-sepeda-panjang-rb-terbaik,tokopedia,IDR,0,248000,0,0,True,05.07-2024 08:36,https://www.tokopedia.com/muhfarha/baju-jersey-sepeda-panjang-rb-terbaik
134,17627413,baju-jersey-sepeda-panjang-rb-terbaik,tokopedia,IDR,0,248000,0,0,True,05.07-2024 09:14,https://www.tokopedia.com/muhfarha/baju-jersey-sepeda-panjang-rb-terbaik
135,17627413,baju-jersey-sepeda-panjang-rb-terbaik,tokopedia,IDR,0,248000,0,0,True,05.07-2024 09:34,https://www.tokopedia.com/muhfarha/baju-jersey-sepeda-panjang-rb-terbaik
136,17627413,baju-jersey-sepeda-panjang-rb-terbaik,tokopedia,IDR,0,248000,0,0,True,05.07-2024 10:13,https://www.tokopedia.com/muhfarha/baju-jersey-sepeda-panjang-rb-terbaik
137,17627413,baju-jersey-sepeda-panjang-rb-terbaik,tokopedia,IDR,0,248000,0,0,True,05.07-2024 10:36,https://www.tokopedia.com/muhfarha/baju-jersey-sepeda-panjang-rb-terbaik
138,17627413,baju-jersey-sepeda-panjang-rb-terbaik,tokopedia,IDR,0,248000,0,0,True,05.07-2024 11:10,https://www.tokopedia.com/muhfarha/baju-jersey-sepeda-panjang-rb-terbaik
139,17627413,baju-jersey-sepeda-panjang-rb-terbaik,tokopedia,IDR,0,248000,0,0,True,05.07-2024 11:34,https://www.tokopedia.com/muhfarha/baju-jersey-sepeda-panjang-rb-terbaik
140,17627413,baju-jersey-sepeda-panjang-rb-terbaik,tokopedia,IDR,0,248000,0,0,True,05.07-2024 12:22,https://www.tokopedia.com/muhfarha/baju-jersey-sepeda-panjang-rb-terbaik
141,17627413,baju-jersey-sepeda-panjang-rb-terbaik,tokopedia,IDR,0,248000,0,0,True,05.07-2024 12:50,https://www.tokopedia.com/muhfarha/baju-jersey-sepeda-panjang-rb-terbaik
142,17627413,baju-jersey-sepeda-panjang-rb-terbaik,tokopedia,IDR,0,248000,0,0,True,05.07-2024 13:14,https://www.tokopedia.com/muhfarha/baju-jersey-sepeda-panjang-rb-terbaik
143,17627413,baju-jersey-sepeda-panjang-rb-terbaik,tokopedia,IDR,0,248000,0,0,True,05.07-2024 13:34,https://www.tokopedia.com/muhfarha/baju-jersey-sepeda-panjang-rb-terbaik
144,17627413,baju-jersey-sepeda-panjang-rb-terbaik,tokopedia,IDR,0,248000,0,0,True,05.07-2024 14:12,https://www.tokopedia.com/muhfarha/baju-jersey-sepeda-panjang-rb-terbaik
145,17627413,baju-jersey-sepeda-panjang-rb-terbaik,tokopedia,IDR,0,248000,0,0,True,05.07-2024 14:35,https://www.tokopedia.com/muhfarha/baju-jersey-sepeda-panjang-rb-terbaik
146,17627413,baju-jersey-sepeda-panjang-rb-terbaik,tokopedia,IDR,0,248000,0,0,True,05.07-2024 15:13,https://www.tokopedia.com/muhfarha/baju-jersey-sepeda-panjang-rb-terbaik
147,17627413,baju-jersey-sepeda-panjang-rb-terbaik,tokopedia,IDR,0,248000,0,0,True,05.07-2024 15:34,https://www.tokopedia.com/muhfarha/baju-jersey-sepeda-panjang-rb-terbaik
148,17627413,baju-jersey-sepeda-panjang-rb-terbaik,tokopedia,IDR,0,248000,0,0,True,05.07-2024 16:14,https://www.tokopedia.com/muhfarha/baju-jersey-sepeda-panjang-rb-terbaik
